{
    "LM": {
        "LAD, LCX": [
            16.3601958765,
            -153.426197394,
            2004.3549830082
        ],
        "involved_branches": 3
    },
    "LAD-1": {
        "D1": [
            27.4111897659,
            -162.060405652,
            1997.2086191803
        ],
        "involved_branches": 2
    },
    "LAD-2": {
        "D2": [
            30.8365179613,
            -167.8841248754,
            1991.8881336848
        ],
        "involved_branches": 2
    },
    "LCX-1": {
        "OM1": [
            20.9565263131,
            -146.3257005405,
            1995.100750773
        ],
        "involved_branches": 2
    },
    "LCX-2": {
        "OM2": [
            30.4268162652,
            -124.2970811711,
            1978.331417847
        ],
        "involved_branches": 2
    },
    "LCX-3": {
        "": null,
        "involved_branches": 1
    },
    "LCX-4": {
        "": null,
        "involved_branches": 1
    },
    "RCA-1": {
        "R-PLB": [
            -36.7029104752,
            -148.5016716668,
            1938.9614481374
        ],
        "involved_branches": 2
    },
    "RCA-2": {
        "R-PDA": [
            -36.7029104752,
            -148.5016716668,
            1938.9614481374
        ],
        "involved_branches": 2
    },
    "LAD-P": {
        "LAD-M": [
            27.4111897659,
            -162.060405652,
            1997.2086191803
        ],
        "involved_branches": 2
    },
    "LAD-M": {
        "LAD-D": [
            50.92166041,
            -181.5416596025,
            1898.8627409915
        ],
        "involved_branches": 2
    },
    "LCX-P": {
        "LCX-M": [
            20.9565263131,
            -146.3257005405,
            1995.100750773
        ],
        "involved_branches": 2
    },
    "RCA-P": {
        "RCA-M": [
            -25.1899680032,
            -167.4209410245,
            1977.5511945898
        ],
        "involved_branches": 2
    },
    "RCA-M": {
        "RCA-D": [
            -38.8870635971,
            -163.5458660978,
            1957.0114351947
        ],
        "involved_branches": 2
    }
}