{
    "LM": {
        "LAD, LCX": [
            41.2577871631,
            -150.1023003334,
            1329.7032555422
        ],
        "involved_branches": 3
    },
    "LAD-1": {
        "D1": [
            50.0967951151,
            -156.9272215664,
            1328.9753012654
        ],
        "involved_branches": 2
    },
    "LAD-2": {
        "D2": [
            61.4937848529,
            -205.6614228678,
            1302.7438964148
        ],
        "involved_branches": 2
    },
    "LCX-1": {
        "OM1": [
            44.4527513691,
            -147.3422879741,
            1327.1382598795
        ],
        "involved_branches": 2
    },
    "LCX-2": {
        "OM2": [
            47.8342035497,
            -140.9243264195,
            1318.3586077613
        ],
        "involved_branches": 2
    },
    "LCX-3": {
        "L-PLB": [
            70.5551281689,
            -122.4696959342,
            1286.0148668779
        ],
        "involved_branches": 2
    },
    "LCX-4": {
        "": null,
        "involved_branches": 1
    },
    "RCA-1": {
        "R-PLB": [
            18.7360675083,
            -155.6610827865,
            1272.8221238261
        ],
        "involved_branches": 2
    },
    "RCA-2": {
        "R-PDA": [
            18.7360675083,
            -155.6610827865,
            1272.8221238261
        ],
        "involved_branches": 2
    },
    "LAD-P": {
        "LAD-M": [
            50.0967951151,
            -156.9272215664,
            1328.9753012654
        ],
        "involved_branches": 2
    },
    "LAD-M": {
        "LAD-D": [
            61.3690761442,
            -206.8250665392,
            1301.3800059127
        ],
        "involved_branches": 2
    },
    "LCX-P": {
        "LCX-M": [
            44.4527513691,
            -147.3422879741,
            1327.1382598795
        ],
        "involved_branches": 2
    },
    "RCA-P": {
        "RCA-M": [
            -10.000715813,
            -187.5177058899,
            1305.568249467
        ],
        "involved_branches": 2
    },
    "RCA-M": {
        "RCA-D": [
            -4.9858516386,
            -180.1239934382,
            1279.3377058557
        ],
        "involved_branches": 2
    }
}