{
    "LM": {
        "LAD, LCX, RAMUS": [
            49.0031273684,
            -162.4980455377,
            1309.9874745365
        ],
        "involved_branches": 4
    },
    "LAD-1": {
        "D1": [
            63.5936144852,
            -173.0904673031,
            1309.8343284833
        ],
        "involved_branches": 2
    },
    "LAD-2": {
        "D2": [
            75.6105157945,
            -181.4515262079,
            1299.5381631217
        ],
        "involved_branches": 2
    },
    "LCX-1": {
        "OM1": [
            75.4490798316,
            -126.7420735856,
            1292.2400896779
        ],
        "involved_branches": 2
    },
    "LCX-2": {
        "": null,
        "involved_branches": 1
    },
    "LCX-3": {
        "L-PLB": [
            72.5976446988,
            -123.5222415719,
            1288.2490600603
        ],
        "involved_branches": 2
    },
    "LCX-4": {
        "": null,
        "involved_branches": 1
    },
    "RCA-1": {
        "R-PLB": [
            33.9541444261,
            -148.1575094358,
            1248.457582791
        ],
        "involved_branches": 2
    },
    "RCA-2": {
        "": null,
        "involved_branches": 1
    },
    "LAD-P": {
        "LAD-M": [
            63.5936144852,
            -173.0904673031,
            1309.8343284833
        ],
        "involved_branches": 2
    },
    "LAD-M": {
        "LAD-D": [
            69.4829518695,
            -210.4965005276,
            1259.9703029215
        ],
        "involved_branches": 2
    },
    "LCX-P": {
        "LCX-M": [
            75.4490798316,
            -126.7420735856,
            1292.2400896779
        ],
        "involved_branches": 2
    },
    "RCA-P": {
        "RCA-M": [
            -5.8074161092,
            -190.6171482399,
            1274.5045481087
        ],
        "involved_branches": 2
    },
    "RCA-M": {
        "RCA-D": [
            4.7008887485,
            -175.3951277669,
            1246.1832458053
        ],
        "involved_branches": 2
    }
}