{
    "LM": {
        "LAD, LCX, RAMUS": [
            44.516905778,
            -170.8371363941,
            1419.987100059
        ],
        "involved_branches": 4
    },
    "LAD-1": {
        "D1": [
            55.8390040125,
            -180.3030771211,
            1423.8218304303
        ],
        "involved_branches": 2
    },
    "LAD-2": {
        "D2": [
            71.4185683651,
            -190.352908503,
            1422.939366229
        ],
        "involved_branches": 2
    },
    "LCX-1": {
        "OM1": [
            60.0386392549,
            -153.517801673,
            1414.7913289667
        ],
        "involved_branches": 2
    },
    "LCX-2": {
        "": null,
        "involved_branches": 1
    },
    "LCX-3": {
        "": null,
        "involved_branches": 1
    },
    "LCX-4": {
        "": null,
        "involved_branches": 1
    },
    "RCA-1": {
        "R-PLB": [
            22.2229450308,
            -180.4959579215,
            1358.3401969511
        ],
        "involved_branches": 2
    },
    "RCA-2": {
        "R-PDA": [
            22.2229450308,
            -180.4959579215,
            1358.3401969511
        ],
        "involved_branches": 2
    },
    "LAD-P": {
        "LAD-M": [
            55.8390040125,
            -180.3030771211,
            1423.8218304303
        ],
        "involved_branches": 2
    },
    "LAD-M": {
        "LAD-D": [
            84.4130574439,
            -213.356668571,
            1405.611359597
        ],
        "involved_branches": 2
    },
    "LCX-P": {
        "LCX-M": [
            60.0386392549,
            -153.517801673,
            1414.7913289667
        ],
        "involved_branches": 2
    },
    "RCA-P": {
        "RCA-M": [
            -0.9750118327,
            -214.0147087406,
            1399.9185305203
        ],
        "involved_branches": 2
    },
    "RCA-M": {
        "RCA-D": [
            0.7377266552,
            -201.899893036,
            1371.5873545812
        ],
        "involved_branches": 2
    }
}