{
    "LM": {
        "LAD, LCX, RAMUS": [
            35.498823367,
            -158.2639551714,
            1417.4737342144
        ],
        "involved_branches": 4
    },
    "LAD-1": {
        "D1": [
            51.1706412539,
            -167.9842669867,
            1411.6880041523
        ],
        "involved_branches": 2
    },
    "LAD-2": {
        "D2": [
            61.9652490532,
            -177.8664513478,
            1409.537131252
        ],
        "involved_branches": 2
    },
    "LCX-1": {
        "OM1": [
            61.1071210362,
            -144.2058414362,
            1402.1039976317
        ],
        "involved_branches": 2
    },
    "LCX-2": {
        "OM2": [
            62.5788867713,
            -136.5782103116,
            1384.2462714781
        ],
        "involved_branches": 2
    },
    "LCX-3": {
        "": null,
        "involved_branches": 1
    },
    "LCX-4": {
        "": null,
        "involved_branches": 1
    },
    "RCA-1": {
        "R-PLB": [
            18.4588683139,
            -171.5738806692,
            1347.9999988643
        ],
        "involved_branches": 2
    },
    "RCA-2": {
        "R-PDA": [
            18.4588683139,
            -171.5738806692,
            1347.9999988643
        ],
        "involved_branches": 2
    },
    "LAD-P": {
        "LAD-M": [
            51.1706412539,
            -167.9842669867,
            1411.6880041523
        ],
        "involved_branches": 2
    },
    "LAD-M": {
        "LAD-D": [
            78.3737072134,
            -205.1483935204,
            1331.8026800848
        ],
        "involved_branches": 2
    },
    "LCX-P": {
        "LCX-M": [
            61.1071210362,
            -144.2058414362,
            1402.1039976317
        ],
        "involved_branches": 2
    },
    "RCA-P": {
        "RCA-M": [
            -0.1452626858,
            -201.0154519463,
            1377.6106144872
        ],
        "involved_branches": 2
    },
    "RCA-M": {
        "RCA-D": [
            1.7508304816,
            -207.1913698078,
            1356.0972777872
        ],
        "involved_branches": 2
    }
}