{
    "LM": {
        "LAD, LCX, RAMUS": [
            [
                176.9999746631,
                125.6398871666,
                -756.7967444578001
            ],
            [
                152.1023833765,
                122.31599010599999,
                -82.14501699180005
            ],
            [
                184.7453148684,
                113.2441419623,
                -776.5125254635
            ],
            [
                171.241010867,
                117.4782323286,
                -669.0262657855999
            ],
            [
                180.259093278,
                104.90505110589999,
                -666.5128999409999
            ]
        ]
    },
    "LAD-1": {
        "D1": [
            [
                185.8389826151,
                118.8149659336,
                -757.5246987346
            ],
            [
                163.1533772659,
                113.68178184800001,
                -89.29138081969995
            ],
            [
                199.3358019852,
                102.65172019689999,
                -776.6656715167001
            ],
            [
                186.9128287539,
                107.75792051330001,
                -674.8119958477
            ],
            [
                191.5811915125,
                95.43911037890001,
                -662.6781695697
            ]
        ]
    },
    "LAD-2": {
        "D2": [
            [
                197.2359723529,
                70.08076463219999,
                -783.7561035852
            ],
            [
                166.5787054613,
                107.8580626246,
                -94.6118663151999
            ],
            [
                211.3527032945,
                94.2906612921,
                -786.9618368782999
            ],
            [
                197.7074365532,
                97.8757361522,
                -676.9628687479999
            ],
            [
                207.1607558651,
                85.38927899699999,
                -663.5606337710001
            ]
        ]
    },
    "LCX-1": {
        "OM1": [
            [
                180.19493886909999,
                128.3998995259,
                -759.3617401204999
            ],
            [
                156.6987138131,
                129.4164869595,
                -91.39924922699993
            ],
            [
                211.1912673316,
                149.0001139144,
                -794.2599103221
            ],
            [
                196.8493085362,
                131.5363460638,
                -684.3960023683001
            ],
            [
                195.7808267549,
                122.22438582699999,
                -671.7086710333001
            ]
        ]
    },
    "LCX-2": {
        "OM2": [
            [
                183.5763910497,
                134.8178610805,
                -768.1413922387001
            ],
            [
                166.1690037652,
                151.4451063289,
                -108.16858215299999
            ],
            [
                198.3210742713,
                139.1639771884,
                -702.2537285219
            ]
        ]
    },
    "LCX-3": {
        "L-PLB": [
            [
                206.2973156689,
                153.2724915658,
                -800.4851331221
            ],
            [
                208.3398321988,
                152.2199459281,
                -798.2509399397
            ]
        ]
    },
    "LCX-4": {
        "L-PDA": []
    },
    "RCA-1": {
        "R-PLB": [
            [
                154.4782550083,
                120.0811047135,
                -813.6778761738999
            ],
            [
                99.0392770248,
                127.24051583319999,
                -147.5385518625999
            ],
            [
                169.69633192610002,
                127.5846780642,
                -838.042417209
            ],
            [
                154.20105581389998,
                104.16830683079999,
                -738.5000011356999
            ],
            [
                157.9651325308,
                95.24622957849999,
                -728.1598030488999
            ]
        ]
    },
    "RCA-2": {
        "R-PDA": [
            [
                154.4782550083,
                120.0811047135,
                -813.6778761738999
            ],
            [
                99.0392770248,
                127.24051583319999,
                -147.5385518625999
            ],
            [
                154.20105581389998,
                104.16830683079999,
                -738.5000011356999
            ],
            [
                157.9651325308,
                95.24622957849999,
                -728.1598030488999
            ]
        ]
    }
}