{
    "LM": {
        "LAD, LCX, RAMUS": [
            -22.789346354979095,
            35.31796540463337,
            29.317327039062405
        ],
        "pt_index": 38.0
    },
    "LAD-1": {
        "D1": [
            -9.298612705588818,
            26.053626300762616,
            28.186794249615033
        ],
        "pt_index": 97.0
    },
    "LAD-2": {
        "D2": [
            0.3483296517957279,
            8.753918337462533,
            20.82844221186003
        ],
        "pt_index": 175.0
    },
    "LCX-1": {
        "OM1": [
            -1.7193824279568746,
            -7.226737499227158,
            12.086187250042416
        ],
        "pt_index": 65.0
    },
    "LCX-2": {
        "OM2": [
            3.6618429706071085,
            2.857765191219862,
            4.293596920534581
        ],
        "pt_index": 119.0
    },
    "LCX-3": {
        "L-PLB": [
            1.9225161963810415,
            6.903267504462571,
            -21.25001605758032
        ],
        "pt_index": 230.0
    },
    "LCX-4": {
        "L-PDA": [
            2.7824800316363096,
            4.5593874477570004,
            -25.704452491577882
        ],
        "pt_index": 255.0
    },
    "RCA-1": {
        "R-PLB": [
            13.3549610878744,
            21.165694801447692,
            -24.967812845885344
        ],
        "pt_index": 365.0
    },
    "RCA-2": {
        "R-PDA": [
            13.3549610878744,
            21.165694801447692,
            -24.967812845885344
        ],
        "pt_index": 365.0
    }
}