{
    "LM": {
        "LAD, LCX, RAMUS": [
            -21.551094219522803,
            33.46614579244657,
            33.69205226028145
        ],
        "pt_index": 46.0
    },
    "LAD-1": {
        "D1": [
            -10.168917034893349,
            24.457310184386486,
            29.716429340263556
        ],
        "pt_index": 98.0
    },
    "LAD-2": {
        "D2": [
            -0.788617161754462,
            6.889905760365755,
            21.671871574176812
        ],
        "pt_index": 177.0
    },
    "LCX-1": {
        "OM1": [
            -0.8252217551091576,
            -5.34585474348456,
            8.50603093899636
        ],
        "pt_index": 86.0
    },
    "LCX-2": {
        "OM2": [
            5.429022209463824,
            4.930852730285787,
            1.9451525675682262
        ],
        "pt_index": 138.0
    },
    "LCX-3": {
        "L-PLB": [
            4.551167560952228,
            10.764626607344443,
            -9.299722546829884
        ],
        "pt_index": 186.0
    },
    "RCA-1": {
        "R-PLB": [
            13.542769358834727,
            23.435454436824873,
            -21.827397024596603
        ],
        "pt_index": 365.0
    },
    "RCA-2": {
        "R-PDA": [
            10.74015730885174,
            22.281063509077214,
            -21.470648703230363
        ],
        "pt_index": 353.0
    }
}