{
    "LM": {
        "LAD, LCX, RAMUS": [
            101.54072476372792,
            106.59696793731446,
            -35.89858408892343
        ],
        "pt_index": 38.0
    },
    "LAD-1": {
        "D1": [
            115.03145841311819,
            97.3326288334437,
            -37.0291168783708
        ],
        "pt_index": 97.0
    },
    "LAD-2": {
        "D2": [
            124.67840077050273,
            80.03292087014363,
            -44.387468916125805
        ],
        "pt_index": 175.0
    },
    "LCX-1": {
        "OM1": [
            112.72166087260845,
            116.51105429591397,
            -44.753746433363006
        ],
        "pt_index": 65.0
    },
    "LCX-2": {
        "OM2": [
            118.10288627117244,
            126.59555698636098,
            -52.54633676287084
        ],
        "pt_index": 119.0
    },
    "LCX-3": {
        "L-PLB": [
            116.36355949694637,
            130.64105929960368,
            -78.08994974098574
        ],
        "pt_index": 230.0
    },
    "LCX-4": {
        "L-PDA": [
            117.22352333220164,
            128.29717924289812,
            -82.5443861749833
        ],
        "pt_index": 255.0
    },
    "RCA-1": {
        "R-PLB": [
            76.75358947920557,
            97.06495565484005,
            -103.87327238486337
        ],
        "pt_index": 365.0
    },
    "RCA-2": {
        "R-PDA": [
            76.75358947920557,
            97.06495565484005,
            -103.87327238486337
        ],
        "pt_index": 365.0
    }
}